b_id,b_name,email,phone,bsdate,b_daysno
b000001,Rachel Barton,wiseteresa@yahoo.com,+82(6)7040104725,2018-03-11,2
b000002,Jennifer Hunter,brownrobert@garcia.com,814.900.0694x48887,2018-04-28,3
b000003,Barry Braun,max64@gmail.com,(829)675-1758x979,2018-05-24,2
b000004,Kathryn Lopez,kpark@hotmail.com,961.013.0332x299,2017-04-08,1
b000005,Jerry Decker,joselee@valdez.com,540.226.5050x65804,2018-01-20,1
b000006,Dwayne Hernandez,csimmons@richard.biz,1-780-572-3277x904,2018-04-04,1
b000007,Whitney Mccormick,berrypamela@gmail.com,+59(1)2823711687,2017-08-03,3
b000008,Xavier Marquez,suzannepena@hernandez.com,(043)015-8384x75272,2017-12-26,1
b000009,John Flores,nielsencheyenne@giles-george.biz,(543)685-4496x1425,2018-03-11,3
b000010,Brian Sanchez,stephaniepatel@leblanc-myers.com,1-656-416-0947x28575,2018-05-18,3
b000011,Michelle Moore,donovanmason@hart.com,+48(7)2789661274,2018-02-25,3
b000012,Justin Tran,lmcclure@may.net,(028)402-9432x87676,2017-04-29,1
b000013,Mary Whitney,megan52@patterson-greene.com,390.597.0513x074,2017-10-06,1
b000014,Brian Gomez,vcastillo@gmail.com,(819)332-7583x461,2017-10-26,3
b000015,James Bender,matthew15@yahoo.com,847.328.9375x80209,2017-06-14,1
b000016,Elizabeth Brown,breannabaker@hotmail.com,+61(3)2513667388,2018-04-23,3
b000017,Courtney Baird,vasquezmelanie@cook-lucas.org,419-846-6764x609,2017-08-09,1
b000018,Karen Salinas,sean88@frederick.net,072-533-4487x2992,2017-05-27,3
b000019,Patricia Bailey,greenejulian@hotmail.com,+45(8)5194525746,2018-02-05,2
b000020,Veronica Pena,martinezangela@green.net,216.589.7842x674,2017-10-31,1
b000021,Michael Carpenter,bridgesmichael@rivera-castaneda.biz,420.217.1405x35569,2017-10-26,2
b000022,Stanley Hansen,thomastapia@young.com,561.576.5975,2017-07-04,3
b000023,Richard Evans,jrichard@hotmail.com,1-473-924-6968x099,2018-01-15,2
b000024,Todd Jackson,jordan45@chambers-pace.info,1-572-282-6281,2017-08-02,3
b000025,Jennifer Patton,austinarroyo@hotmail.com,1-698-948-3460x541,2017-12-23,2
b000026,Lisa Dillon,morrislindsey@stone-lee.org,(398)956-8093x328,2018-04-07,2
b000027,Cynthia Shepherd,gabriel07@curry-jones.com,1-444-652-4261x6307,2017-08-01,3
b000028,Mary Monroe,underwoodmelanie@gmail.com,07378725065,2017-06-15,2
b000029,Garrett Cabrera,ljohnson@yahoo.com,016.601.3819x9489,2018-05-16,2
b000030,Derrick Lee,carmen95@gmail.com,1-526-719-7710,2017-09-03,3
b000031,Katelyn Aguilar,ogonzalez@hotmail.com,(182)308-9932,2017-11-14,1
b000032,Paul Watkins,garyanderson@tate-young.biz,1-856-121-3580,2018-05-21,2
b000033,Rhonda Anderson,dawn85@gmail.com,269.612.5760x394,2017-04-29,3
b000034,Joshua Stevens,tylerguzman@horton.org,998-152-7321x741,2017-05-03,3
b000035,Stephen Gates,mikegreen@rangel-foster.com,1-883-796-8517,2017-08-19,2
b000036,Kathy Guerrero,jacobsamy@hotmail.com,(145)879-6985,2017-12-31,3
b000037,Ana Snow,victor24@hotmail.com,04180450646,2017-12-30,3
b000038,Jonathan Garcia,john45@hotmail.com,(352)810-0643x88426,2017-09-27,1
b000039,Justin Gutierrez,adkinsemily@mcneil-young.com,02605347160,2018-05-20,2
b000040,Mary Cox,nicholas37@yahoo.com,964.557.7972x67349,2017-09-14,2
b000041,Jared Lee,kennethweaver@gmail.com,+14(4)5939035350,2018-01-20,3
b000042,Rachel Aguilar,samantha87@hotmail.com,1-733-650-5397,2017-10-17,1
b000043,Steven Johnson,joseph84@hotmail.com,936-251-0265x899,2018-01-21,1
b000044,Michelle Rogers,andrew51@hotmail.com,(722)237-3027,2018-03-15,2
b000045,Stephanie Gomez,robinsonrobert@solomon.com,07697621737,2018-03-16,1
b000046,Beth King,elizabeth19@wood-harris.biz,1-962-396-0305,2017-12-27,1
b000047,Lisa Hughes,oferguson@hotmail.com,570.305.8945x94105,2017-05-23,1
b000048,Deborah Pace,wendy97@hotmail.com,(701)369-5932x8253,2017-06-11,2
b000049,Monica Diaz,wisebridget@wells.net,+62(5)8602479908,2017-11-06,1
b000050,Susan Norton,wwells@alexander.com,644-198-9343,2017-03-29,1
b000051,Brian Doyle,nicholasdavis@davis-howell.com,04445605555,2018-01-30,1
b000052,Sabrina Hicks,jamie58@fisher.org,+69(2)6653561497,2017-06-13,3
b000053,Kimberly Fernandez,wendy90@wade.com,(914)253-5094,2017-10-05,3
b000054,Christopher Dean,blake92@hotmail.com,052.444.5028,2017-11-09,1
b000055,Brittany Aguilar,gomezjames@horn.com,458.931.8887,2017-07-25,1
b000056,Zachary Arroyo,wandadunn@graham.com,(507)379-9007x613,2017-12-19,1
b000057,Charles Butler,jennifergarrison@williams.com,944-973-2645x952,2018-02-04,3
b000058,Monica Valdez,williamperez@gmail.com,07170414617,2017-04-29,3
b000059,Jason Clayton,rebecca93@carter-maddox.com,1-384-033-7004x5021,2018-01-16,1
b000060,Anthony Dennis,bcontreras@hotmail.com,(979)773-5089x5901,2017-10-20,1
b000061,Lori Williams,martinezjared@yahoo.com,038.692.7050x28952,2017-10-31,3
b000062,Joshua Yang,mwillis@campos-ortiz.com,+40(2)9293167447,2017-10-05,2
b000063,Rebecca Ray,douglas13@yahoo.com,362-190-1920,2018-05-24,1
b000064,Christopher Humphrey,angela00@gmail.com,1-036-312-0542x580,2018-03-06,1
b000065,Roberto Miller,samuel14@wagner.com,(079)212-1267,2018-02-07,3
b000066,Michelle Owens,lisagardner@gmail.com,(382)111-2334x910,2018-03-15,3
b000067,Casey Liu,dshaw@cameron.com,+51(9)1975713307,2018-01-01,2
b000068,Glenn Griffin,leah09@smith-rowland.com,415-543-2376x91873,2017-12-09,3
b000069,Melanie Walker,mgreen@nelson-vaughn.biz,266.203.3684x34573,2018-04-03,1
b000070,Kimberly Robbins,christopher54@pugh.com,773-657-8512,2017-05-14,2
b000071,Thomas Garza,conniewright@yahoo.com,022-087-5249x12667,2017-10-29,3
b000072,Kimberly Price,qjones@gibson.com,(521)229-8935x1036,2017-07-23,1
b000073,Stephanie Warren,zgarcia@richardson.com,+25(7)1404121087,2018-02-10,2
b000074,Anthony Stanley,adam36@hotmail.com,1-270-699-1445,2018-04-19,1
b000075,Keith Rodriguez,jespinoza@hotmail.com,1-261-141-1274x4904,2018-05-21,3
b000076,Alexis Bullock,jonesannette@hotmail.com,1-702-426-6463x3551,2018-04-18,3
b000077,Leah Brown,ghernandez@hardy.biz,01412826745,2017-05-08,3
b000078,Carolyn Harris,sarahmcguire@fuller-castillo.net,1-560-351-0635x21341,2017-05-15,1
b000079,Katherine Cannon,ggreen@gmail.com,389.269.1428x6095,2017-05-15,3
b000080,Jenna Cross,joseph34@smith.org,07699356162,2017-11-07,2
b000081,Bryan Jones,adamsbrian@brown-rush.com,(183)836-6734x296,2017-09-19,3
b000082,Ashley Ware,bhampton@hawkins.com,(254)363-0070,2018-05-07,1
b000083,Andrew Harris,cynthiaparrish@brown.com,833-273-3975,2017-12-05,1
b000084,Kenneth Zhang,cynthia99@smith.com,(818)169-5663x3509,2017-07-17,3
b000085,Allison Chavez,colehannah@mckee.com,05928629405,2017-05-01,1
b000086,James Reyes,deborahalvarez@yahoo.com,+96(3)9064831495,2017-12-07,1
b000087,Elizabeth Mills,ambersmith@cortez-murray.com,601.669.7755x51940,2017-06-01,3
b000088,Louis Cunningham,rvalentine@thomas.net,1-312-625-6821x1894,2017-08-11,1
b000089,Matthew Martinez,ralph14@hotmail.com,1-424-938-4923x77845,2018-03-25,1
b000090,Kathryn Ramirez,gwalls@hotmail.com,878.113.0205,2017-08-31,2
b000091,Hunter Diaz,ybarajas@gmail.com,658-904-6500x241,2018-02-26,3
b000092,Willie Rice,michellehicks@marshall.com,184-776-6274,2018-05-16,2
b000093,Evelyn Harrison,cameron27@smith-phillips.biz,1-354-856-9485x46508,2017-10-21,3
b000094,Lindsey Allen,ryanmendoza@gmail.com,09015355698,2017-06-09,1
b000095,Lance Robinson,tramos@gmail.com,019.229.5494,2017-08-10,2
b000096,Steven Barnes,brianmartinez@roy.com,(729)920-5009,2017-07-09,3
b000097,Michelle Green,dorothywilliams@yahoo.com,156.481.5340x9763,2018-03-03,3
b000098,Hector Jones,wallmichele@harmon.com,(936)503-4863x3408,2018-02-06,2
b000099,Christina Richards,noah14@melton-wolf.com,1-983-944-6209x841,2017-10-07,3
b000100,Christina Weaver,crawfordlisa@hamilton-price.net,872.480.8981,2017-10-11,2
b000101,Megan Nguyen,ashley47@gordon.org,910-451-1037,2017-08-19,3
b000102,Alan Hughes,nichole20@davis.net,002-752-3450,2017-11-01,1
b000103,Brian Kennedy,antoniosimon@hester.com,+02(2)3200390509,2018-02-13,3
b000104,Morgan Fleming,blackwelljeffery@hotmail.com,106.656.5093x9047,2018-03-16,3
b000105,Brandon Becker,xlynch@patrick-hughes.com,636-022-2924x350,2017-08-19,1
b000106,Jenna Wright MD,parkermegan@yahoo.com,507.173.9596x78182,2018-04-11,2
b000107,Robert Austin,kperez@mccann.biz,1-110-499-2360x059,2018-03-30,1
b000108,Dr. William Ward,amartinez@marshall-horton.org,(505)001-2385,2017-06-25,2
b000109,Jordan Taylor,qthomas@gmail.com,135-578-2382,2018-05-23,1
b000110,Shannon Harper,bakerrebecca@duran-nolan.info,05483474679,2018-03-21,2
b000111,Jesse Mosley,ycampbell@gutierrez.com,06771382293,2017-04-22,1
b000112,Travis Hinton,ealexander@yahoo.com,(166)157-5712,2018-01-16,3
b000113,Melanie Allen,hrobinson@perry-woods.org,(700)699-4514,2017-11-23,1
b000114,Courtney Bryan,teresaperez@gmail.com,1-461-002-9602,2018-02-08,2
b000115,Mary Fisher,kimberlyjones@jones.com,(914)659-2113x085,2017-04-09,1
b000116,Brian Crawford,davidpatel@gmail.com,+21(4)7118875784,2017-05-14,2
b000117,Maurice Good,claytonlisa@hotmail.com,148.747.0343,2018-04-09,2
b000118,Mark Davis,berrymegan@hotmail.com,158-307-8428x41822,2018-01-04,3
b000119,Ashley Rodriguez,ashleyarnold@yahoo.com,(665)585-9502x42165,2017-12-14,3
b000120,Richard Dominguez,amber97@yahoo.com,(522)363-8878x629,2017-12-27,3
b000121,Monica Nguyen,millerwilliam@wheeler-dickerson.com,(317)427-3931x02884,2018-05-23,3
b000122,Jon Rios,markcervantes@castro.com,107.177.8026,2017-10-28,2
b000123,Kim Thomas,shepardlisa@hunt-shaffer.com,03118218463,2017-07-15,2
b000124,Alan Butler,francis99@yahoo.com,434-409-7566x0379,2017-04-10,1
b000125,Robert Underwood,michaelmartin@buckley-levy.com,537-262-5224,2017-04-07,3
b000126,Erin Knox,paul30@kent.com,594.357.6791x728,2017-04-22,3
b000127,Kelly Miller,kennethtran@gmail.com,1-247-395-7116,2017-11-05,2
b000128,Michael Pitts,lopezmichelle@lewis.info,+51(3)9717179735,2018-05-10,3
b000129,Wanda Miller,wileyjared@cochran-watson.com,596.023.9655x485,2017-05-07,2
b000130,Brandon Garcia,zoe83@yahoo.com,277.735.0167,2018-02-04,2
b000131,Wendy Martinez,keithward@snyder.net,(512)917-6632,2017-09-23,3
b000132,Lindsey Goodwin,brian52@yahoo.com,(663)498-8125x57459,2017-12-30,1
b000133,Katherine Miller,gilbertmelissa@hotmail.com,142-633-8462,2018-01-02,3
b000134,Sean Rodriguez,amytyler@evans.com,(345)660-8326x773,2018-01-19,2
b000135,Elizabeth Carter,zbyrd@gmail.com,(578)369-6675,2017-07-30,3
b000136,Sarah Solomon,laura09@griffith.com,(775)143-8099x41984,2017-10-25,3
b000137,Andrew Smith,sheila20@burton.org,1-130-383-0647,2018-02-02,1
b000138,Casey Odom,amandaalvarez@hotmail.com,03845921386,2018-05-21,1
b000139,Michael Harris,knappmatthew@gmail.com,386-713-9991,2017-08-29,1
b000140,Gregory Sanders,castillovalerie@yahoo.com,+84(7)4570133782,2017-07-20,3
b000141,Tanya Stephenson,mchavez@hotmail.com,(691)321-7629,2017-12-16,3
b000142,Julia Jones,kathryn50@fields-williams.biz,1-450-060-6081,2018-05-23,1
b000143,Jason Burke,estradajeffrey@arroyo-snyder.biz,988.087.1526x751,2017-12-02,2
b000144,Jeremy Steele,marcstewart@nelson.com,841.931.7808x9273,2018-02-05,3
b000145,John Conley,aford@wilson.com,(497)335-2550x9899,2018-01-23,3
b000146,David Williams,eric37@smith.com,(702)359-3295x7828,2018-04-12,1
b000147,Margaret Howard,nicholsonandrew@hotmail.com,612.892.8623,2017-09-13,3
b000148,Thomas Adams,alisontaylor@yahoo.com,917.925.6941x379,2018-02-26,2
b000149,Amy Johnson,hjohnson@edwards.net,1-856-834-2081,2018-04-20,2
b000150,Noah Mclean MD,agalvan@harmon.com,1-966-967-3207x9916,2017-10-11,1
b000151,Julia Carson,adam19@gmail.com,147.009.2821x587,2018-01-06,2
b000152,Gary Walton,smithkaitlin@dodson-mack.com,01532996432,2018-03-11,2
b000153,Darren Weeks,mary20@lewis.com,(582)581-2811x968,2017-07-08,2
b000154,Regina Wilson,howardkarla@pace-atkins.net,072-525-0615x561,2018-01-06,2
b000155,Terrance Warner,kimcarla@hotmail.com,(148)223-3474,2017-12-07,1
b000156,Joshua Harvey,jenkinsdaniel@hotmail.com,918-242-4478,2017-09-29,3
b000157,Jonathan Reed,jilllopez@hotmail.com,284-086-3472x4926,2017-08-23,3
b000158,Jason Edwards,michaelmacias@gmail.com,716.758.1949x8169,2017-06-04,2
b000159,Robert Sloan,zharris@yahoo.com,543.180.0634x13990,2017-08-28,3
b000160,Taylor Hall,tina88@cohen.org,(297)768-3984x9609,2017-08-09,3
b000161,Kristie Baird,charlesbyrd@gmail.com,1-468-156-7437x74590,2017-05-03,2
b000162,Terry Jenkins,josephsteele@richard.com,957.137.4211x04457,2017-05-11,1
b000163,Nathan Parsons,hendersondwayne@nichols.com,995-472-2602x24392,2017-09-10,2
b000164,Blake Kelley,jason70@yahoo.com,874.799.6412x6193,2018-04-01,1
b000165,Thomas Fry,albert01@sullivan-ramirez.com,1-127-340-9194x5602,2018-03-24,1
b000166,Dr. Darin Wilkins,thompsonrobert@white-roberts.com,193.096.8782,2018-05-13,3
b000167,Jasmine Lutz,anthonybrown@gmail.com,366.047.9368x75015,2017-07-27,2
b000168,Kelly Brown,courtneygarcia@medina.info,363.534.6220x33613,2017-05-12,1
b000169,Janet Edwards,fitzpatrickbailey@moore.net,+45(8)0136533621,2018-03-25,3
b000170,James Weaver,allisonkaren@shaw.info,+31(8)5301453432,2018-01-26,3
b000171,Lauren Walter,jennaedwards@castillo.com,923.890.8582x7248,2018-03-12,1
b000172,Elizabeth Sullivan,annday@hotmail.com,989-344-6137,2017-09-30,3
b000173,David Taylor,brian32@rush-henderson.com,996.220.1642x7150,2017-06-06,1
b000174,Jessica Rivers,jessica98@rivas.com,1-855-570-9622,2017-09-10,2
b000175,Eric Palmer,cruzwilliam@cochran.com,(343)862-4319x59946,2017-07-28,3
b000176,Robert Christensen,hamptonrebecca@tran-lee.com,807.742.1982,2017-10-19,3
b000177,Cynthia Willis,fgibson@alvarado.com,08599268413,2017-09-20,2
b000178,Robert Garcia,guzmanjoseph@brewer.biz,077-622-6146x07732,2017-07-01,3
b000179,Jennifer Chang,deborahfields@gmail.com,1-995-892-6465,2017-04-01,2
b000180,Tammy Tyler,williamwilliams@hotmail.com,(898)338-0577x0702,2017-11-07,1
b000181,Denise Cowan,swalker@gmail.com,383.733.9014x76423,2017-07-22,3
b000182,Leslie Chase,pmartinez@yahoo.com,(692)589-5787,2017-09-01,3
b000183,Daniel Pierce,carlapatterson@ewing.net,+94(7)9859756660,2017-07-21,2
b000184,Joshua Hayden,oharris@yahoo.com,1-911-379-8801,2017-04-30,1
b000185,Shannon Adams,jaclynbrewer@miller-anderson.com,1-027-607-3114,2017-08-21,1
b000186,Amy Vaughn,jeremy15@yahoo.com,579-916-7236,2017-07-13,2
b000187,Pamela Wolf,bradley93@hotmail.com,1-932-409-2829x544,2018-05-09,2
b000188,James Cross,brettwiggins@bailey.biz,267.359.0136x1538,2018-03-12,2
b000189,Melissa Anderson,robertwatts@hotmail.com,1-488-846-3091,2017-07-19,1
b000190,Kimberly Lopez,juliecastillo@yahoo.com,1-209-769-5578,2017-08-18,2
b000191,Kayla Cox,steve93@hotmail.com,594.563.4291x4092,2017-10-08,2
b000192,Douglas Gutierrez,candice38@gmail.com,(251)423-3920,2017-07-17,1
b000193,Seth Richardson,andrew27@blair-smith.com,523.088.3642,2018-05-11,3
b000194,Jeffrey Robinson II,robertjones@smith.info,+75(6)3899287561,2018-02-23,1
b000195,Joseph Chambers,kparker@ramirez.com,(253)400-2134x9090,2018-03-08,2
b000196,Margaret Potts,jamesrodriguez@arnold.org,1-254-464-8462x438,2017-09-05,2
b000197,Kenneth Santiago,barrettnicole@jackson.com,(036)082-0539,2017-09-15,2
b000198,Austin Marshall,kjones@gmail.com,538-417-3201,2017-08-24,3
b000199,Dylan Farmer,jordan27@gmail.com,1-275-669-9001,2018-02-06,2
b000200,Michelle Cuevas,michaelwilliams@yahoo.com,972.725.0705,2018-05-18,2
b000201,Colleen Schmidt,kayla37@gmail.com,722-330-6900x63826,2017-05-07,1
b000202,Brett Chavez,xsmith@lyons.net,630-571-5985x32737,2017-07-16,2
b000203,David Wheeler,edward98@hotmail.com,638.393.8581,2017-05-14,2
b000204,Brandy Brown,cmerritt@villa.com,(979)274-3017x6408,2018-02-05,2
b000205,Mr. Timothy Brown,alexandracunningham@callahan.com,1-273-791-5782x26445,2018-01-29,3
b000206,Megan Jones,sandovaljennifer@williams.net,1-601-143-1645x080,2018-03-17,1
b000207,James Ramirez,jonsmith@yahoo.com,(964)445-6684x664,2018-01-18,3
b000208,James Davis,mooreelizabeth@gordon-jensen.com,+17(7)7049949702,2017-05-29,1
b000209,Shawn Thomas,fmendoza@gmail.com,(902)146-1459,2017-09-21,1
b000210,Rick Bates,hernandezjustin@thompson.net,(909)106-3383x38109,2017-05-24,1
b000211,Kevin Waller,elizabeththornton@hernandez-walker.com,(326)913-2380x11464,2018-05-17,1
b000212,Olivia Lindsey,andrea88@gmail.com,1-654-193-7210x5068,2017-04-29,2
b000213,Sabrina Lane,deckerleah@hotmail.com,(236)515-7530x6187,2017-07-01,3
b000214,Dennis Hernandez,xsimpson@gmail.com,120-038-8193x75744,2018-04-22,3
b000215,Shawn Rodgers,omiller@gmail.com,01208391611,2017-12-23,1
b000216,Lisa Martin DDS,william53@gmail.com,1-554-014-3238x48600,2018-01-14,2
b000217,Aaron Garza,richard20@zimmerman-whitehead.com,(622)768-4098,2017-05-28,3
b000218,Steven Benjamin,dlewis@gmail.com,05151729974,2018-02-25,2
b000219,Kevin Baxter,shannon16@hotmail.com,1-488-363-0582,2018-05-14,2
b000220,James Tanner,murphystephen@brown.com,(053)834-6447x77146,2017-07-29,2
b000221,Jennifer King,daniel49@hotmail.com,907.925.4289x171,2017-12-22,1
b000222,Daniel Sheppard,janderson@english-fisher.biz,269-114-6940x03601,2017-07-29,3
b000223,Pamela Murphy,morriskristina@walker.net,(550)274-0736,2017-06-29,1
b000224,Ashley Chan,erictaylor@stewart.com,(283)869-8428,2017-10-21,2
b000225,Matthew Mejia,sandramartin@burton-moore.info,892-972-5341,2017-04-30,1
b000226,Jose Gross,taylorkayla@hotmail.com,(916)834-1866x56294,2017-05-28,3
b000227,Dawn Salazar,vwong@hotmail.com,014.235.5671,2017-05-16,2
b000228,Mary Williams,edwardhamilton@turner.net,(471)732-4800x73993,2017-05-28,1
b000229,Rebecca Wells,nicholas96@jackson.net,696.706.3357x251,2018-01-03,1
b000230,David Barnes,scottdonald@hotmail.com,013-268-7034,2017-10-17,1
b000231,Brian Graham,tiffanymason@hotmail.com,01109372069,2017-12-13,3
b000232,Caleb Clark,johnny70@dunn-kim.net,186.568.3335x932,2018-02-27,1
b000233,Susan Hill,jasmine51@gmail.com,272.702.9157,2017-06-12,3
b000234,Michael Cole,lauratucker@hotmail.com,(074)038-6835x77030,2017-06-16,3
b000235,Laura Frederick,christopher48@holland.info,09492143548,2017-10-19,1
b000236,Arthur Hansen,matthew99@keller-ingram.com,764.265.5621,2017-05-29,1
b000237,Kristin Sanchez,charlesdavis@lee-sandoval.net,603-351-9230x525,2018-04-13,3
b000238,Yolanda Barton,williamsonerika@rodgers.com,074.315.8928x17985,2017-09-21,2
b000239,Deborah Potter,samantha57@hotmail.com,(739)327-8812x20456,2018-01-20,3
b000240,Michael Perkins,dorothyjones@yahoo.com,717.493.4038x32207,2018-01-17,3
b000241,Jay Horne,mblevins@yahoo.com,979-569-3357x5254,2018-03-21,2
b000242,Jacqueline Miller,jsmith@sloan.com,625.661.5793x951,2017-11-29,2
b000243,Heidi Hunter,hodgesangel@yahoo.com,09352918993,2017-05-08,1
b000244,Tracey Kelly DDS,jacqueline20@hotmail.com,200.404.6139x74008,2017-06-22,1
b000245,Raymond Dixon,elizabeth17@hotmail.com,(532)894-5138,2017-11-08,2
b000246,Kristopher Lowe,courtneyfowler@gmail.com,+95(2)6861274964,2018-02-06,1
b000247,Timothy Mcknight,gwatson@yahoo.com,809-257-6003x7764,2017-12-01,2
b000248,Donald Ramirez,nthomas@gonzales-floyd.com,504.411.8676x12552,2017-09-17,1
b000249,Kristina Davis,linda54@hotmail.com,1-545-567-9533x87543,2018-03-24,2
b000250,Frances Burton,hardystuart@glover.com,09650285260,2017-04-30,2
b000251,Caitlin Reid,fmoore@gmail.com,343-590-7034x776,2017-04-28,1
b000252,Jeffrey White,debratrujillo@hotmail.com,(502)911-4115x12202,2017-10-24,1
b000253,Jennifer Harper,bflores@jones-quinn.com,+97(6)5733367384,2017-10-31,1
b000254,Anthony Brown,richardclayton@yahoo.com,(978)329-3895,2017-11-21,3
b000255,Mary Jordan,brooksamber@watson.com,1-994-594-9819,2017-10-09,2
b000256,Alvin Doyle,uhall@hill.com,+19(4)3175987964,2017-05-09,2
b000257,Jordan Garcia,carlososborne@hale.biz,375-214-9963x9366,2017-04-03,2
b000258,William Harris,tnelson@hotmail.com,627.226.1115x61433,2017-04-08,2
b000259,Ralph Poole DVM,cmartinez@gmail.com,087.446.5098x613,2018-04-29,2
b000260,Jessica Cline,mark59@gmail.com,830-955-4207x40706,2018-02-05,3
b000261,Joseph Adkins,stephen36@yahoo.com,1-054-484-6974x42573,2018-03-30,1
b000262,Jeffrey Cuevas Jr.,pearsonwilliam@pearson-frank.net,04253454605,2017-07-19,1
b000263,Daniel Ramos,travismosley@meyer.com,(333)351-3669,2017-12-23,1
b000264,Garrett Harris,jhernandez@gmail.com,1-626-843-0760x477,2018-02-15,1
b000265,Briana Ramirez,nealhenry@hotmail.com,906.959.1450x8523,2017-07-08,2
b000266,Kristie Welch,tonya02@mitchell.com,249.422.7561,2017-11-03,1
b000267,Lisa Jackson,cisnerosstacie@hotmail.com,(459)554-9079,2018-03-30,1
b000268,Tamara Love,jacobmorrison@hotmail.com,485.323.0109x91002,2017-09-14,1
b000269,Mitchell Garcia,etanner@yahoo.com,896-093-0878,2017-08-09,1
b000270,Justin Castillo,abenson@torres.com,04503477372,2017-08-26,1
b000271,Mrs. Elizabeth Anderson,joycemary@gmail.com,635.102.9435,2017-11-21,1
b000272,Julie Hunt,nancy45@martinez.com,938-091-5100x83728,2017-03-28,1
b000273,Mr. Kenneth Young,athompson@yahoo.com,903-565-5689x700,2017-08-21,1
b000274,Bernard Everett,sosashirley@luna.net,914.799.0724x189,2017-04-21,2
b000275,Jessica Gonzales,williamsantos@young-dickerson.net,1-274-039-7738x576,2018-02-01,2
b000276,Clayton Hodges,joseph41@brown.com,1-821-226-4941x4062,2018-03-27,1
b000277,Amanda Mcbride,fordjoseph@hansen.info,1-536-791-0994x74712,2018-01-26,1
b000278,April Brennan,bellshannon@carter.net,(819)208-1751x6615,2017-05-05,3
b000279,Keith Arias,nsanchez@hotmail.com,820.468.5703x488,2017-04-29,3
b000280,Marissa Lee,gainescindy@berry.net,331-426-0230,2017-11-10,1
b000281,Patrick Turner,beth92@cantrell-gonzalez.com,383.528.4357,2018-01-25,3
b000282,Joseph Gibbs,katherine71@hotmail.com,494.489.1479x20413,2018-01-04,1
b000283,Christine Brock,justin71@gmail.com,1-564-755-9393x1596,2017-07-07,1
b000284,Francisco Steele,dscott@hotmail.com,(550)471-7022x58873,2017-07-25,3
b000285,Samantha Clark,karendickson@bell.com,521-973-4526,2017-09-08,2
b000286,Thomas Wilson,alee@nunez-lopez.com,1-804-457-1256x127,2017-05-15,3
b000287,Raymond Anderson,yolandajames@yahoo.com,600-579-0744,2018-03-09,2
b000288,Joseph Jones,garciarebecca@gmail.com,1-266-449-9989x5255,2018-02-25,2
b000289,Jamie Kelly,crystalbell@yahoo.com,760.573.0010x4229,2018-02-13,1
b000290,Daniel Holland,cohenbryan@hotmail.com,678.043.9083x507,2017-08-06,3
b000291,Kelly Austin,vjohnson@scott-bray.com,(953)250-3411x349,2018-04-12,3
b000292,Donald Johnson,cleonard@gilbert-martin.biz,(582)279-0487x26316,2018-05-05,1
b000293,Marc Williams,pbarrett@gmail.com,823-389-6027,2017-09-30,3
b000294,Joseph Brown,dylanchavez@gmail.com,222.675.6718,2018-05-10,3
b000295,Douglas Scott,cindy95@hotmail.com,1-107-468-8572,2018-05-07,1
b000296,William Mills,brittanyhicks@hotmail.com,434-891-1132,2018-05-20,1
b000297,Hunter Morris,rubioveronica@gmail.com,584.643.0990,2017-06-02,1
b000298,Thomas Morris,edwardwright@ray.com,(428)340-0649,2017-08-21,3
b000299,Brittany Lin,ericellis@thompson-west.biz,1-734-902-9598x7366,2017-07-27,3
b000300,Tiffany Peterson,fwatkins@hernandez-soto.com,1-358-394-2727,2017-06-29,3
